,url,abstract
0,https://pubmed.ncbi.nlm.nih.gov/23575961/,"Respiratory syncytial virus (RSV) is amongst the most important pathogenic infections of childhood and is associated with significant morbidity and mortality. Although there have been extensive studies of epidemiology, clinical manifestations, diagnostic techniques, animal models and the immunobiology of infection, there is not yet a convincing and safe vaccine available. The major histopathologic characteristics of RSV infection are acute bronchiolitis, mucosal and submucosal edema, and luminal occlusion by cellular debris of sloughed epithelial cells mixed with macrophages, strands of fibrin, and some mucin. There is a single RSV serotype with two major antigenic subgroups, A and B. Strains of both subtypes often co-circulate, but usually one subtype predominates. In temperate climates, RSV infections reflect a distinct seasonality with onset in late fall or early winter. It is believed that most children will experience at least one RSV infection by the age of 2 years. There are several key animal models of RSV. These include a model in mice and, more importantly, a bovine model; the latter reflects distinct similarity to the human disease. Importantly, the prevalence of asthma is significantly higher amongst children who are hospitalized with RSV in infancy or early childhood. However, there have been only limited investigations of candidate genes that have the potential to explain this increase in susceptibility. An atopic predisposition appears to predispose to subsequent development of asthma and it is likely that subsequent development of asthma is secondary to the pathogenic inflammatory response involving cytokines, chemokines and their cognate receptors. Numerous approaches to the development of RSV vaccines are being evaluated, as are the use of newer antiviral agents to mitigate disease. There is also significant attention being placed on the potential impact of co-infection and defining the natural history of RSV. Clearly, more research is required to define the relationships between RSV bronchiolitis, other viral induced inflammatory responses, and asthma. "
1,https://pubmed.ncbi.nlm.nih.gov/25452661/,
2,https://pubmed.ncbi.nlm.nih.gov/32397226/,"Respiratory syncytial virus (RSV) is a common and contagious virus that results in acute respiratory tract infections in infants. In many cases, the symptoms of RSV remain mild, however, a subset of individuals develop severe RSV-associated bronchiolitis. As such, RSV is the chief cause of infant hospitalization within the United States. Typically, the immune response to RSV is a type 1 response that involves both the innate and adaptive immune systems. However, type 2 cytokines may also be produced as a result of infection of RSV and there is increasing evidence that children who develop severe RSV-associated bronchiolitis are at a greater risk of developing asthma later in life. This review summarizes the contribution of a newly described cell type, group 2 innate lymphoid cells (ILC2), and epithelial-derived alarmin proteins that activate ILC2, including IL-33, IL-25, thymic stromal lymphopoietin (TSLP), and high mobility group box 1 (HMGB1). ILC2 activation leads to the production of type 2 cytokines and the induction of a type 2 response during RSV infection. Intervening in this innate type 2 inflammatory pathway may have therapeutic implications for severe RSV-induced disease."
3,https://pubmed.ncbi.nlm.nih.gov/30880691/,"Respiratory syncytial virus (RSV) has been identified as a leading cause of lower respiratory tract infections in young children and elderly. It is an enveloped negative-sense RNA virus belonging to Genus Orthopneumovirus. The clinical features of RSV infection range from mild upper-respiratory-tract illnesses or otitis media to severe lower-respiratory-tract illnesses. Current estimates show that about 33.1 million episodes of RSV-acute lower respiratory infection (ALRI) occurred in young children in 2015, of these majority that is, about 30 million RSV-ALRI episodes occurred in low-middle-income countries. In India, the rates of RSV detection in various hospital- and community-based studies mostly done in children vary from 5% to 54% and from 8% to 15%, respectively. Globally, RSV epidemics start in the South moving to the North. In India, RSV mainly peaks in winter in North India and some correlation with low temperature has been observed. Different genotypes of Group A (GA2, GA5, NA1 and ON1) and Group B (GB2, SAB4 and BA) have been described from India. The burden of RSV globally has kept it a high priority for vaccine development. After nearly 50 years of attempts, there is still no licensed vaccine and challenges to obtain a safe and effective vaccine is still facing the scientific community. The data in this review have been extracted from PubMed using the keywords RSV and Epidemiology and India. The data have been synthesised by the authors."
4,https://pubmed.ncbi.nlm.nih.gov/24009269/,"Bovine respiratory syncytial virus (RSV) is a cause of respiratory disease in cattle worldwide. It has an integral role in enzootic pneumonia in young dairy calves and summer pneumonia in nursing beef calves. Furthermore, bovine RSV infection can predispose calves to secondary bacterial infection by organisms such as Mannheimia haemolytica, Pasteurella multocida, and Histophilus somni, resulting in bovine respiratory disease complex, the most prevalent cause of morbidity and mortality among feedlot cattle. Even in cases where animals do not succumb to bovine respiratory disease complex, there can be long-term losses in production performance. This includes reductions in feed efficiency and rate of gain in the feedlot, as well as reproductive performance, milk production, and longevity in the breeding herd. As a result, economic costs to the cattle industry from bovine respiratory disease have been estimated to approach $1 billion annually due to death losses, reduced performance, and costs of vaccinations and treatment modalities. Human and bovine RSV are closely related viruses with similarities in histopathologic lesions and mechanisms of immune modulation induced following infection. Therefore, where appropriate, we provide comparisons between RSV infections in humans and cattle. This review article discusses key aspects of RSV infection of cattle, including epidemiology and strain variability, clinical signs and diagnosis, experimental infection, gross and microscopic lesions, innate and adaptive immune responses, and vaccination strategies. "
5,https://pubmed.ncbi.nlm.nih.gov/22290692/,"Respiratory syncytial virus (RSV) is the leading cause for childhood hospitalization and respiratory distress, being recognized as a major health and economic burden worldwide. RSV can exploit host immunity and cause a strong inflammatory response that leads to lung damage and virus dissemination. Unfortunately, the immune response elicited by RSV normally fails to protect against subsequent exposures to the virus. Despite intense research during the 50 years after the discovery of RSV, scientists are just beginning to understand the mechanisms contributing to pathology and to the inadequate immune response shown by susceptible individuals. Here, we discuss some of the most important advances made in this field that could lead to the development of new prophylactic tools."
6,https://pubmed.ncbi.nlm.nih.gov/28159156/,"Most viral respiratory tract infections are caused by classic respiratory viruses, including influenza, respiratory syncytial virus, human metapneumovirus, parainfluenza, rhinovirus, and adenovirus, whereas other viruses, such as herpes simplex, cytomegalovirus, and measles virus, can opportunistically affect the respiratory tract. The M2 inhibitors, amantadine and rimantadine, were historically effective for the prevention and treatment of influenza A but all circulating strains are currently resistant to these drugs. Neuraminidase inhibitors are the sole approved class of antivirals to treat influenza. Ribavirin, especially when combined with intravenous antibody, reduces morbidity and mortality among immunosuppressed patients."
7,https://pubmed.ncbi.nlm.nih.gov/23385470/,"Respiratory syncytial virus (RSV) is the etiological agent for a serious lower respiratory tract disease responsible for close to 200,000 annual deaths worldwide. The first infection is generally most severe, while re-infections usually associate with a milder disease. This observation and the finding that re-infection risks are inversely associated with neutralizing antibody titers suggest that immune responses generated toward a first RSV exposure can significantly reduce morbidity and mortality throughout life. For more than half a century, researchers have endeavored to design a vaccine for RSV that can mimic or improve upon natural protective immunity without adverse events. The virus is herein described together with the hurdles that must be overcome to develop a vaccine and some current vaccine development approaches."
8,https://pubmed.ncbi.nlm.nih.gov/9156738/,
9,https://pubmed.ncbi.nlm.nih.gov/23523320/,"Although respiratory syncytial virus (RSV) is a major human respiratory pathogen, our knowledge of how it causes disease in humans is limited. Airway epithelial cells are the primary targets of RSV infection in vivo, so the generation and exploitation of RSV infection models based on morphologically and physiologically authentic well-differentiated primary human airway epithelial cells cultured at an air-liquid interface (WD-PAECs) provide timely developments that will help to bridge this gap. Here we review the interaction of RSV with WD-PAEC cultures, the authenticity of the RSV-WD-PAEC models relative to RSV infection of human airway epithelium in vivo, and future directions for their exploitation in our quest to understand RSV pathogenesis in humans."
10,https://pubmed.ncbi.nlm.nih.gov/25918956/,"<strong class=""sub-title"">Purpose of review:</strong>Respiratory syncytial virus (RSV) remains an important cause of serious and sometimes fatal acute lower respiratory tract disease in infants, yet no effective antiviral treatment or vaccine for the prevention of RSV in early life is available. Vaccination of women during pregnancy is considered to be the most plausible strategy to provide direct RSV antibody protection to young infants during a period of greatest vulnerability.</p><p><strong class=""sub-title"">Recent findings:</strong>Interest in the development of RSV vaccines for immunization of women during pregnancy is high. Numerous studies are underway to better understand the epidemiology and impact of RSV disease in pregnant women and infants, as well as the role of maternal antibodies in the protection of infants against early and severe RSV disease, to identify and measure serologic correlates of protection to RSV in infants and develop well tolerated and immunogenic RSV vaccines for pregnant women.</p><p><strong class=""sub-title"">Summary:</strong>Studies of RSV vaccination in pregnancy are in progress, making maternal vaccination a realistic intervention for the protection of young infants against RSV disease in the near future. Maternal immunization with an immunogenic vaccine has the potential to substantially impact the morbidity and mortality of RSV-associated lower respiratory tract illness in infants worldwide."
11,https://pubmed.ncbi.nlm.nih.gov/16366356/,"Human respiratory syncytial virus (RSV) is the most common worldwide cause of lower respiratory tract infections (LRI) in infants less than 12 months of age. RSV isolates can be divided into group A and B. In addition, there were many genotypes within each group, and these genotypes have evolved global setting with temporal and geographic clustering. Many cellular genes encoding cytokines and chemokines which are activated by RSV infection has now been focused for the elucidation of pathophysiology of RSV LRI. The prophylaxis against RSV infection by vaccination has been unsuccessful because of its adverse effects. No valuable anti-RSV drugs for clinical use have been yet developed. Therefore RSV LRI has been treated mainly symptomatically. Recently humanized anti-RSV F protein monoclonal antibody was developed and prescribed for prevention in high-risk infants such as premature ones and those with chronic lung and congenital heart diseases. It reduced the incidence of hospitalization significantly."
12,https://pubmed.ncbi.nlm.nih.gov/31610541/,"The impact of respiratory virus infections on the health of children and adults can be very significant. Yet, in contrast to most other childhood infections as well as other viral and bacterial diseases, prophylactic vaccines or effective antiviral treatments against viral respiratory infections are either still not available, or provide only limited protection. Given the widespread prevalence, a general lack of natural sterilizing immunity, and/or high morbidity and lethality rates of diseases caused by influenza, respiratory syncytial virus, coronaviruses, and rhinoviruses, this difficult situation is a genuine societal challenge. A thorough understanding of the virus-host interactions during these respiratory infections will most probably be pivotal to ultimately meet these challenges. This review attempts to provide a comparative overview of the knowledge about an important part of the interaction between respiratory viruses and their host: the arms race between host innate immunity and viral innate immune evasion. Many, if not all, viruses, including the respiratory viruses listed above, suppress innate immune responses to gain a window of opportunity for efficient virus replication and setting-up of the infection. The consequences for the host's immune response are that it is often incomplete, delayed or diminished, or displays overly strong induction (after the delay) that may cause tissue damage. The affected innate immune response also impacts subsequent adaptive responses, and therefore viral innate immune evasion often undermines fully protective immunity. In this review, innate immune responses relevant for respiratory viruses with an RNA genome will briefly be summarized, and viral innate immune evasion based on shielding viral RNA species away from cellular innate immune sensors will be discussed from different angles. Subsequently, viral enzymatic activities that suppress innate immune responses will be discussed, including activities causing host shut-off and manipulation of stress granule formation. Furthermore, viral protease-mediated immune evasion and viral manipulation of the ubiquitin system will be addressed. Finally, perspectives for use of the reviewed knowledge for the development of novel antiviral strategies will be sketched."
13,https://pubmed.ncbi.nlm.nih.gov/9072495/,"Respiratory syncytial virus (RSV) is the most common cause of lower respiratory tract infections in infants and children throughout the world. Respiratory syncytial virus infections in the elderly represent reinfections in the hosts who have had many prior episodes. Thus, RSV infections are usually not considered serious in adults, since reinfections are generally known to result in mild disease. Nevertheless, in adults, as in children, the infection has been reported to cause altered airway resistance and exacerbation of chronic obstructive lung disease. In people over 60 years of age, RSV usually causes mild nasal congestion, but can also result in fever, anorexia, pneumonia, bronchitis, and even death. Diagnosis of RSV infection in the elderly by the standard methods used in children is not as successful as in the latter group. This may be due to a combination of factors such as shorter shedding phase, lower viral titers, and dry mucosa. An alternative, rapid, and direct viral diagnostic method, the polymerase chain reaction, has recently been introduced in the diagnosis of RSV infections."
14,https://pubmed.ncbi.nlm.nih.gov/3885919/,
15,https://pubmed.ncbi.nlm.nih.gov/22709517/,"While affecting all age groups, respiratory syncytial virus (RSV) infections can be particularly severe in infants, who develop functionally distinct immune responses, as well as in immunocompromised individuals. The extent to which environmental, viral and host factors contribute to the pathogenesis of RSV varies considerably between infected individuals. A correlation between the level of virus replication and pathogenesis has been established, and several viral proteins, in particular NS1 and NS2, modulate the immune response. Host immunity clearly contributes to RSV pathogenesis, and a number of specific cell populations may be involved. Ultimately, whether the response induced by RSV is protective or pathogenic depends on a combination of host factors, young age being one of the most important ones."
16,https://pubmed.ncbi.nlm.nih.gov/21865717/,"Respiratory syncytial virus (RSV) primarily infects upper respiratory tract cells, mainly nasal epithelial cells. The tight junctions of nasal epithelial cells are thought to perform important innate immune function against foreign materials including respiratory viruses. We investigated in vitro the relationship of RSV infection and the tight junctions of primary nasal epithelial cells which had been transfected with human telomerase reverse transcriptase (hTERT) to prolong cell life. Nasal epithelial cells developed tight junctions when cultured in medium containing fetal bovine serum, and these cells showed apparent resistance to RSV infection compared to control cells. RSV could infect these cells from apical but not basolateral side, suggesting that only apical side possess RSV receptor or a mechanism for absorbing RSV particles. Importantly, RSV infection of the cells enhanced the expression of tight junction proteins occludin, claudin-4 and ZO-1. These findings suggest that RSV infection induces polarity in the infected cells. This polarity could facilitate cellular secretion of propagated RSV, thereby spreading the infection."
17,https://pubmed.ncbi.nlm.nih.gov/16911040/,"Respiratory syncytial virus is the major respiratory pathogen of infants and children worldwide, with no effective treatment or vaccine available. Steady progress has been made in understanding the respiratory syncytial virus life cycle and the consequences of infection, but many areas of respiratory syncytial virus biology remain poorly understood, including the role of subcellular localisation of respiratory syncytial virus gene products such as the matrix protein in the infected host cell. The matrix protein plays a central role in viral assembly and, intriguingly, has been observed to traffic into and out of the nucleus at specific times during the respiratory syncytial virus infectious cycle. Further, the matrix protein has been shown to be able to inhibit transcription, which may be a key to respiratory syncytial virus pathogenesis. This review will focus on the role of the matrix protein in respiratory syncytial virus infection and what is known of its nucleocytoplasmic trafficking, the understanding of which may lead to new therapeutic approaches to combat respiratory syncytial virus, and/or vaccine development."
18,https://pubmed.ncbi.nlm.nih.gov/23342359/,"Viruses can persistently infect differentiated cells through regulation of expression of both their own genes and those of the host cell, thereby evading detection by the host’s immune system and achieving residence in a non-lytic state. Models in vitro with cell lines are useful tools in understanding the mechanisms associated with the establishment of viral persistence. In particular, a model to study respiratory syncytial virus (RSV) persistence in a murine macrophage-like cell line has been established. Compared to non-infected macrophages, macrophages persistently infected with RSV show altered expression both of genes coding for cytokines and trans-membrane proteins associated with antigen uptake and of genes related to cell survival. The biological changes associated with altered gene expression in macrophages as a consequence of persistent RSV infection are summarized."
19,https://pubmed.ncbi.nlm.nih.gov/18820580/,"Several studies have described a clear association between respiratory syncytial virus (RSV) lower respiratory tract infection in infancy and the subsequent development of persistent wheezing in children. Using the mouse model we demonstrated that RSV induces long-term airway disease characterized by chronic airway inflammation and airway hyperreactivity (AHR). The RSV murine model offers great advantages to study the immunopathogenesis of RSV-induced long-term airway disease. Mice can be challenged with aerosolized methylcholine to determine the presence of AHR. We can apply the reverse transcription-polymerase chain reaction assay (RT-PCR) to detect RSV RNA in the respiratory tract and we can perform lung gene expression analysis to further characterize the chronic changes induced by RSV infection. Compared with sham-inoculated controls, RSV-infected mice developed chronic airway disease characterized by AHR and persistent airway inflammation. Forty-two days after RSV infection, a time point when RSV could no longer be isolated, RT-PCR demonstrated, quite unexpectedly, the presence of RSV RNA in the lower respiratory tract of mice. The presence of genomic RNA persisted for months after inoculation. Furthermore, preliminary studies also demonstrated that on day 42 there were a number of genes differentially expressed in RSV-infected mice compared with controls. RSV-infected mice with persistent AHR exhibited presence of abnormal chronic inflammatory changes, altered gene expression profiles, and persistence of RSV RNA, which may contribute to long-term airway disease induced by RSV. Future studies are needed to define the significance of persistent RSV RNA in the mouse model, and its potential role in the pathogenesis of RSV-induced persistent wheezing in children."
20,https://pubmed.ncbi.nlm.nih.gov/12083830/,
21,https://pubmed.ncbi.nlm.nih.gov/10627488/,"Respiratory syncytial virus (RSV) is a major cause of viral lower respiratory tract infections among infants and young children in both developing and developed countries. There are two major antigenic groups of RSV, A and B, and additional antigenic variability occurs within the groups. The most extensive antigenic and genetic diversity is found in the attachment glycoprotein, G. During individual epidemic periods, viruses of both antigenic groups may cocirculate or viruses of one group may predominate. When there are consecutive annual epidemics in which the same group predominates, the dominant viruses are genetically different from year to year. The antigenic differences that occur among these viruses may contribute to the ability of RSV to establish reinfections throughout life. The differences between the two groups have led to vaccine development strategies that should provide protection against both antigenic groups. The ability to discern intergroup and intragroup differences has increased the power of epidemiologic investigations of RSV. Future studies should expand our understanding of the molecular evolution of RSV and continue to contribute to the process of vaccine development."
22,https://pubmed.ncbi.nlm.nih.gov/24568879/,"Respiratory syncytial virus (RSV) is the leading cause of respiratory infection in infants and young children. Severe clinical manifestation of RSV infection is a bronchiolitis, which is common in infants under six months of age. Recently, RSV has been recognized as an important cause of respiratory infection in older populations with cardiovascular morbidity or immunocompromised patients. However, neither a vaccine nor an effective antiviral therapy is currently available. Moreover, the interaction between the host immune system and the RSV pathogen during an infection is not well understood. The innate immune system recognizes RSV through multiple mechanisms. The first innate immune RSV detectors are the pattern recognition receptors (PRRs), including toll-like receptors (TLRs), retinoic acid-inducible gene-I (RIG-I)-like receptors (RLRs), and nucleotide-biding oligomerization domain (NOD)-like receptors (NLRs). The following is a review of studies associated with various PRRs that are responsible for RSV virion recognition and subsequent induction of the antiviral immune response during RSV infection."
23,https://pubmed.ncbi.nlm.nih.gov/12217726/,"Respiratory syncytial virus (RSV) is the most important cause of respiratory tract infection in infants. We have an incomplete understanding of the reasons why some infants are more severely affected by RSV than others. There is no effective antiviral treatment for the infection. Advances in our understanding of the biology of RSV, particularly in relation to the attachment protein G and the fusion protein F, have revealed potential targets for new antiviral therapies and vaccine development. In response to RSV infection an intense inflammatory response is triggered, mediated initially by the infected airway epithelial cells. Cell mediated responses are important in controlling the extent of infection and in viral clearance. Humoral responses are important in protection. There is early evidence that genetic variation of the host response can influence the outcome of RSV-induced bronchiolitis."
24,https://pubmed.ncbi.nlm.nih.gov/2377106/,
25,https://pubmed.ncbi.nlm.nih.gov/34586067/,"The complement system is a critical host defense against infection, playing a protective role that can also enhance disease if dysregulated. Although many consequences of complement activation during viral infection are well established, mechanisms that determine the extent to which viruses activate complement remain elusive. Here, we investigate complement activation by human respiratory syncytial virus (RSV), a filamentous respiratory pathogen that causes significant morbidity and mortality. By engineering a strain of RSV harboring tags on the surface glycoproteins F and G, we are able to monitor opsonization of single RSV particles using fluorescence microscopy. These experiments reveal an antigenic hierarchy, where antibodies that bind toward the apex of F in either the pre- or postfusion conformation activate the classical pathway whereas other antibodies do not. Additionally, we identify an important role for virus morphology in complement activation: as viral filaments age, they undergo a morphological transformation which lowers the threshold for complement deposition through changes in surface curvature. Collectively, these results identify antigenic and biophysical characteristics of virus particles that contribute to the formation of viral immune complexes, and suggest models for how these factors may shape disease severity and adaptive immune responses to RSV."
26,https://pubmed.ncbi.nlm.nih.gov/18820581/,"Respiratory syncytial virus (RSV) is predominantly recognized as a pediatric pathogen although sensitive molecular diagnostic techniques have led to its more frequent detection in some adult settings. In some studies RSV has been detected just as frequently in stable chronic obstructive pulmonary disease (COPD) patients as in those suffering disease exacerbations, leading to the suggestion that RSV may persist in COPD. Although some studies have found negligible RSV in stable COPD, others have detected RSV in one-quarter to one-third of stable COPD samples. Possible reasons for this discrepancy are explored within the article. A relationship between RSV detection and increased disease severity, including rate of decline in lung function and systemic/airway inflammation, has been found on both occasions it has been sought. Susceptibility to persistent RSV infection could involve both host and viral factors. Cigarette smoking and COPD are likely to result in impaired antiviral immunity, and RSV is capable of evading immune responses by inducing skewed type 2 T-helper cell responses, antagonizing antiviral cytokines, mimicking chemokines, inhibiting apoptosis, and entering immune-privileged cells such as pulmonary neurons. It can also escape an established immune response through antigenic drift. This article examines current evidence regarding persistence of RSV in COPD and its possible mechanisms. We also discuss various roles for RSV persistence in COPD pathogenesis. Further elucidation of the contribution of persistent RSV to the pathogenesis of COPD requires interventional studies. Persistence of RSV in COPD may have direct relevance to the pathogenesis of childhood diseases such as postbronchiolitic wheeze and asthma."
27,https://pubmed.ncbi.nlm.nih.gov/12718022/,
28,https://pubmed.ncbi.nlm.nih.gov/15522442/,"The Respiratory Syncytial Virus 2003 symposium took place from 8th-11th November 2003 in Stone Mountain, Georgia, and brought together more than 200 international investigators engaged in RSV research. RSV biology, pathogenesis, and clinical data, as well as RSV vaccines and antivirals, were addressed in the meeting, and this review will aim to briefly summarize and discuss the implications of new findings. The meeting also served as the inauguration of the Robert M. Chanock Award for lifetime achievement in RSV research, an award named in honor of the person who started the field of RSV research by recovering the first human RS virus from infants with severe bronchiolitis in 1956."
29,https://pubmed.ncbi.nlm.nih.gov/27189271/,"Human respiratory syncytial virus (RSV) is the leading cause of severe lower respiratory tract infection, such as bronchiolitis, bronchitis, or pneumonia, in both infants and the elderly. Despite the global burden of diseases attributable to RSV infection, no clinically approved vaccine is available, and a humanized monoclonal antibody for prophylaxis is not readily affordable in developing countries. There are several hurdles to the successful development of RSV vaccines: immune-vulnerable target populations such as premature infants, pregnant women, and immunocompromised people; safety concerns associated with vaccine-enhanced diseases; repeated infection; and waning memory. To develop successful strategies for the prevention of RSV infection, it is necessary to understand the protective and pathologic roles of host immune responses to RSV infection. In this review, we will summarize the positive and negative relationship between RSV infection and host immunity and discuss strategies for the development of the first successful RSV vaccine. "
30,https://pubmed.ncbi.nlm.nih.gov/10635845/,
31,https://pubmed.ncbi.nlm.nih.gov/16307507/,"Respiratory syncytial virus is the leading viral cause of death in children less than 2 years of age, and is an increasing cause of morbidity and mortality in transplant patients and the elderly. Respiratory syncytial virus causes upper and lower respiratory tract infections, which can lead to severe bronchiolitis and pneumonia. High-risk groups for severe respiratory syncytial virus infection include infants with a history of premature birth with or without chronic lung disease, children with congenital heart disease, children with cystic fibrosis or chronic lung diseases, and immunosuppressed patients or patients with immunodeficiency. However, the majority of infants who have severe respiratory syncytial virus disease are born at full term and are otherwise healthy. It is unclear why children, the elderly and the immunosuppressed are at much higher risk for severe disease; however, a respiratory syncytial virus-induced immune pathologic mechanism has long been suspected. Attempts to develop a safe and effective vaccine against respiratory syncytial virus have failed. Antirespiratory syncytial virus immunotherapy, although effective prophylactically, does not provide any beneficial clinical outcome when administered therapeutically, indicating that respiratory syncytial virus-induced pathology is most likely the result of the inflammatory response to infection, rather than a direct viral cytopathic effect. Thus, a combined antiviral and anti-inflammatory therapy may represent the safest and most efficient treatment for acute respiratory syncytial virus infection. In this review, the current knowledge that has set the rationale for the development of such therapy is summarized."
32,https://pubmed.ncbi.nlm.nih.gov/23462708/,"Infection by respiratory syncytial virus (RSV) affects approximately 33 million infants annually worldwide and is a major cause of hospitalizations. Helper T lymphocytes (Th) play a central role in the immune response during such infections. However, Th lymphocytes that produce interleukin 17 (IL-17), known as Th17 lymphocytes, in addition to been protective can also cause pathology that accompany this type of infection. The protective effects of Th17 is associated with better prognosis in most infected individuals but heightened Th17 responses causes inflammation and pathology in others. Studies employing animal models haves shown that activated Th17 lymphocytes recruit neutrophils and facilitate tertiary lymphoid structure development in infected lungs. However, IL-17 also inhibits the ability of CD8+ lymphocytes to clear viral particles and acts synergistically with the innate immune system to exacerbate inflammation. Furthermore, IL-17 enhances IL-13 production which, in turn, promotes the activation of Th2 lymphocytes and excessive mucus production. Studies of these animal models have also shown that a lack of, or inadequate, responses by the Th1 subset of T lymphocytes enhances Th17-mediated responses and that this is detrimental during RSV co-infection in experimental asthma. The available evidence, therefore, indicates that Th17 can play contradictory roles during RSV infections. The factors that determine the shift in the balance between beneficial and adverse Th17 mediated effects during RSV infection remains to be determined."
33,https://pubmed.ncbi.nlm.nih.gov/12069519/,
34,https://pubmed.ncbi.nlm.nih.gov/29890085/,"Respiratory syncytial virus (RSV) is a leading cause of acute respiratory infections. The clinical manifestations of RSV are indistinguishable from other etiologies of acute respiratory infection. Therefore, accurate and timely laboratory testing is needed to impact clinical management. There are now multiple rapid, low-complexity, commercially available assays for RSV. These tests present significant performance advantages compared to older antigen detection tests. Accurate and rapid diagnosis of RSV has the potential for enabling timely cessation of unnecessary antibiotics and implementation of good infection control practices. Furthermore, a recently approved RSV diagnostic assay can reduce the test turnaround time to 13 min or less. Areas covered: The authors aim to review the importance of rapid and accurate testing for RSV and will describe the available molecular RSV diagnostic assays approved for use at the point-of-care. Expert commentary: Further independent evaluations are needed to confirm that the accuracy of the low-complexity assays is indeed similar to reverse transcriptase polymerase chain reaction across the age spectrum, and in immunosuppressed hosts. In the future, the challenge will be to achieve a balance between increasingly sophisticated multiplex diagnostic platforms and tests that are sufficiently simple to be used at the point-of-care."
35,https://pubmed.ncbi.nlm.nih.gov/27659812/,"The development of antiviral strategies to prevent or treat respiratory syncytial virus (RSV) infections is of great importance, especially considering the fact that RSV is one of the most important causes of pediatric respiratory infections. However, despite intense efforts, there is no antiviral or vaccine approved for the prevention or treatment of RSV infections. Several inhibitors, targeting different RSV proteins have been discovered over the past decade. We here review the most important chemical series as well as recent developments in understanding which viral proteins and/or host cell factors are good targets for inhibition of viral replication. In addition, we highlight the current in vitro and in vivo model systems of the disease. A number of molecules are currently in (advanced) preclinical or clinical development. Significant breakthroughs in the field may be expected in the upcoming years."
36,https://pubmed.ncbi.nlm.nih.gov/16820210/,"Respiratory syncytial virus (RSV) is the leading cause of bronchiolitis, pneumonia, mechanical ventilation, and respiratory failure in infants in the US. No effective post-infection treatments are widely available, and currently there is no vaccine. RSV disease is the result of virus-induced airway damage and complex inflammatory processes. The outcome of infection depends on host and viral genetics. Here, we review disease mechanisms in primary RSV infection that are implicated by clinical studies, in vitro systems, and animal models. Defining RSV disease mechanisms is difficult because there is a wide range of RSV disease phenotypes in humans, and there are disparities in RSV disease phenotypes among the animal models of RSV infection. However, host factors identified by multiple lines of investigation as playing important roles in RSV pathogenesis are providing key insights. A better understanding of RSV molecular biology and RSV pathogenesis is facilitating rational vaccine design strategies and molecular targets for new therapeutics."
37,https://pubmed.ncbi.nlm.nih.gov/11178342/,"Respiratory syncytial virus (RSV), the most common cause of lower respiratory tract disease in infants and young children, is a ubiquitous respiratory pathogen, infecting or reinfecting much of the population every year and causing severe, sometimes fatal disease in high-risk populations of infants and adults, particularly in developing countries. Spurred by the medical and economic burdens of RSV disease and enticed by the economic potential of therapeutic drugs, particularly in the absence to date of a safe and effective RSV vaccine, scientists in many industrial, academic and government laboratories have developed a wide variety of candidate RSV antiviral agents. Most of these have been screened thus far only in cell culture, a few in animal models. Aside from ribavirin, however, none has proven effective in therapeutic clinical trials and even ribavirin usage has declined precipitously in recent years due to concerns over efficacy, safety, ease of use and cost. All of the antiviral compounds discussed in this review were evaluated primarily for their ability to reduce viral load, with little or no attention paid to the role of host inflammation in the pathogenesis of RSV disease. Recent research has highlighted the prominent role of inflammatory mediators and an increasing number of reports suggest that a therapeutic strategy that combines antiviral and anti-inflammatory components will be the most effective way of treating RSV disease."
38,https://pubmed.ncbi.nlm.nih.gov/18055698/,
39,https://pubmed.ncbi.nlm.nih.gov/15207824/,"Multiple factors, including cardiopulmonary anatomy, direct viral effects and the immune response can affect the severity of lower respiratory tract disease caused by respiratory syncytial virus (RSV). RSV is the most frequent viral respiratory cause of hospitalization in infants and young children in the world. In this review, we discuss the mechanisms of illness associated with severe RSV lower respiratory tract disease. A better understanding of the factors affecting the course of illness and their interplay should allow development of effective therapies in the future."
40,https://pubmed.ncbi.nlm.nih.gov/26064963/,"Respiratory syncytial virus is a worldwide pathogen agent responsible for frequent respiratory tract infections that may become severe and potentially lethal in high risk infants and adults. Several studies have been performed to investigate the immune response that determines the clinical course of the infection. In the present paper, we review the literature on viral, environmental, and host factors influencing virus response; the mechanisms of the immune response; and the action of nonimmunological factors. These mechanisms have often been studied in animal models and in the present review we also summarize the main findings obtained from animal models as well as the limits of each of these models. Understanding the lung response involved in the pathogenesis of these respiratory infections could be useful in improving the preventive strategies against respiratory syncytial virus. "
41,https://pubmed.ncbi.nlm.nih.gov/19020202/,"<strong class=""sub-title"">Purpose:</strong>Identifying children at risk for severe respiratory syncytial virus (RSV) so that the most appropriate management strategies can be implemented, thereby reducing the morbidity associated with this disease, is discussed.</p><p><strong class=""sub-title"">Summary:</strong>RSV infection is associated with a variety of clinical manifestations, ranging from mild cold-like symptoms to more severe disease. The majority of infants infected with RSV develop mild upper respiratory tract disease during their initial RSV infection. However, more severe RSV disease can occur when the lower respiratory tract becomes involved, with symptoms escalating to include significant wheezing and chest-wall retractions, as well as cyanosis and tachypnea in the most severe cases. Extrapulmonary manifestations of RSV disease also have been observed, such as sepsis-like syndrome and arrhythmias. Factors that increase the risk of acquiring RSV infection have been identified, along with factors that increase the risk of severe RSV disease. The American Academy of Pediatrics (AAP) recommends that clinicians assess risk factors for severe disease when making decisions regarding evaluation and management of children with bronchiolitis. There is currently no curative treatment for RSV infection, and management primarily involves the treatment of specific symptoms. The AAP developed clinical practice guidelines to provide an evidence-based approach to the diagnosis and management of bronchiolitis in children aged one month to two years, with detailed recommendations on which therapies are appropriate for children with more severe RSV disease.</p><p><strong class=""sub-title"">Conclusion:</strong>The AAP developed specific guidelines for the management of RSV bronchiolitis; however, treatment is primarily supportive and has been shown to be suboptimal in many patients. Because of the limitations associated with the management of RSV disease, prevention remains of paramount importance, especially in patients at high risk for severe disease."
42,https://pubmed.ncbi.nlm.nih.gov/12236557/,
43,https://pubmed.ncbi.nlm.nih.gov/16081320/,"Although a prominent cause of upper and lower respiratory tract disease in infants and the elderly, clinical options for treatment of respiratory syncytial virus (RSV) infections remain limited. Historically, attempts to develop vaccines have been unsuccessful, and rapid viral mutation rates have stifled development of several small molecule-based antiviral agents. Thus, targeted approaches to block RSV replication, including humanized monoclonal antibodies and nucleic acid-based strategies (antisense and RNA interference), have emerged as potentially viable drug development options."
44,https://pubmed.ncbi.nlm.nih.gov/20453621/,
45,https://pubmed.ncbi.nlm.nih.gov/18854487/,"To explain the wide spectrum of disease severity caused by respiratory syncytial virus (RSV) and because of the limitations of animal models to fully parallel human RSV disease, study of genetic influences on human RSV disease severity has begun. Candidate gene approaches have demonstrated associations of severe RSV in healthy infants with genetic polymorphisms that may alter the innate ability of humans to control RSV (surfactants, Toll-like receptor 4, cell surface adhesion molecules, and others) and those that may control differences in proinflammatory responses or enhanced immunopathology (specific cytokines and their receptors). These studies are reviewed. They are valuable since an understanding of the direction of a polymorphism's effect can help construct a meaningful human RSV disease pathogenesis model. However, the direction, degree, and significance of the statistical association for any given gene are equivocal among studies, and the functional significance of specific polymorphisms is often not even known. Polymorphism frequency distribution differences associated with RSV infection arising from diversity in the genetic background of the population may be confounded further by multiple-hypothesis testing and publication bias, as well as the investigator's perceived importance of a particular pathogenic disease process. Such problems highlight the limitation of the candidate gene approach and the need for an unbiased large-scale genome-wide association study to evaluate this important disease."
46,https://pubmed.ncbi.nlm.nih.gov/16113477/,"There is a wide spectrum of illness caused by respiratory syncytial virus (RSV) infection that is caused in large part by host-related factors, such as age of the patient and degree of host immunocompetency. Although the vast majority of persons infected with RSV experience symptoms of mild upper respiratory tract infection, in some people these infections cause significant morbidity and are sometimes fatal. Although a great deal of investigation in both humans and animals has explained the timing and tropism of RSV infection and the general principles by which the immune system responds to this infection, at present we only partially understand the disparity in illness severity that can occur. This article briefly reviews the clinical sequelae of RSV infection and then focuses on the mechanisms of viral pathogenesis."
47,https://pubmed.ncbi.nlm.nih.gov/960560/,
48,https://pubmed.ncbi.nlm.nih.gov/28945290/,
49,https://pubmed.ncbi.nlm.nih.gov/10547682/,"RSV is a major cause of pediatric respiratory tract disease worldwide, but a vaccine is not yet available. It is now possible to prepare live infectious RSV completely from cDNA. This provides a method for introducing defined mutations into infectious virus, making possible the rational design of a live-attenuated vaccine virus for intranasal administration. This is particularly important for RSV, for which achieving the appropriate balance between attenuation and immunogenicity by conventional methods has proven elusive. We took advantage of the existence of a panel of biologically derived vaccine candidate viruses that were incompletely attenuated but well characterized biologically. The mutations in these viruses were identified by sequence analysis and characterized by insertion into recombinant virus, thereby providing a menu of known attenuating mutations. These included a series of amino acid point mutations, mostly in the L polymerase, and a nucleotide substitution in a transcription gene-start signal, a cis-acting RNA element. The second source of mutations was from experimental mutational analysis of recombinant virus and involves deletion of the NS1, NS2, or SH gene. We have reconstructed a previously tested, biologically derived attenuated virus, cpts248/404, in recombinant form and are now proceeding to introduce additional mutations from the menu to achieve stepwise increases in attenuation. The ability to modify the attenuation phenotype incrementally in a directed manner should result in an appropriate vaccine virus."
50,https://pubmed.ncbi.nlm.nih.gov/16953942/,"At the start of the 21st century, respiratory syncytial virus (RSV) remains a serious global health concern. Although RSV has traditionally been acknowledged as a leading cause of morbidity and mortality in the paediatric population, the elderly and people with suppressed immune systems are now also recognised as being at risk from serious RSV infection. This problem is currently exacerbated by the lack of an effective vaccine to prevent RSV infection. Although the virus proteins play a variety of roles during the virus replication cycle, in many cases these tasks are performed via specific interactions with host-cell factors, including proteins, carbohydrates and lipids. The way in which RSV interacts with the host cell is currently being examined using a battery of different techniques, which encompass several scientific disciplines. This is providing new and interesting insights into how RSV interacts with the host cell at the molecular level, which in turn is offering the hope of new strategies to prevent RSV infection."
51,https://pubmed.ncbi.nlm.nih.gov/21831008/,"<strong class=""sub-title"">Introduction:</strong>Respiratory syncytial virus (RSV) is an important pathogen in children and adults; however, current treatment options are primarily supportive. Palivizumab, the only approved specific monoclonal antibody for RSV is used prophylactically to reduce morbidity in a select population of high-risk children.</p><p><strong class=""sub-title"">Areas covered:</strong>The development and current use of palivizumab; the potential role of palivizumab as preventive therapy in patients with cystic fibrosis, asthma and compromised immune systems; and explores the limited research in which palivizumab has been used for treatment of RSV. The modified recommendations for the use of palivizumab espoused by the American Academy of Pediatrics and research on the cost-effectiveness of this product are presented. In addition, the authors discuss the development of enhanced monoclonal antibodies including motavizumab, which was recently denied FDA approval for preventative therapy. The authors explore the historical and current efforts to develop a vaccine targeting RSV. The current status of antiviral drug development is also reviewed. The literature search included RSV-Ig, palivizumab, and emerging drugs and vaccines for the treatment of RSV as keywords and titles from 1997 to 2011.</p><p><strong class=""sub-title"">Expert opinion:</strong>Although there are potential drugs and vaccines in development to prevent or reduce the effects of RSV infection, palivizumab remains the only licensed product to reduce the severity of disease in high-risk pediatric patients."
52,https://pubmed.ncbi.nlm.nih.gov/26083298/,
53,https://pubmed.ncbi.nlm.nih.gov/33811145/,"Human respiratory syncytial virus (RSV) is the leading cause of acute lower respiratory infection in children under 5 y of age. In the absence of a safe and effective vaccine and with limited options for therapeutic interventions, uncontrolled epidemics of RSV occur annually worldwide. Existing RSV reverse genetics systems have been predominantly based on older laboratory-adapted strains such as A2 or Long. These strains are not representative of currently circulating genotypes and have a convoluted passage history, complicating their use in studies on molecular determinants of viral pathogenesis and intervention strategies. In this study, we have generated reverse genetics systems for clinical isolates of RSV-A (ON1, 0594 strain) and RSV-B (BA9, 9671 strain) in which the full-length complementary DNA (cDNA) copy of the viral antigenome is cloned into a bacterial artificial chromosome (BAC). Additional recombinant (r) RSVs were rescued expressing enhanced green fluorescent protein (EGFP), mScarlet, or NanoLuc luciferase from an additional transcription unit inserted between the P and M genes. Mutations in antigenic site II of the F protein conferring escape from palivizumab neutralization (K272E, K272Q, S275L) were investigated using quantitative cell-fusion assays and rRSVs via the use of BAC recombineering protocols. These mutations enabled RSV-A and -B to escape palivizumab neutralization but had differential impacts on cell-to-cell fusion, as the S275L mutation resulted in an almost-complete ablation of syncytium formation. These reverse genetics systems will facilitate future cross-validation efficacy studies of novel RSV therapeutic intervention strategies and investigations into viral and host factors necessary for virus entry and cell-to-cell spread."
54,https://pubmed.ncbi.nlm.nih.gov/8571168/,
55,https://pubmed.ncbi.nlm.nih.gov/2868301/,
56,https://pubmed.ncbi.nlm.nih.gov/11764776/,"Respiratory syncytial virus (RSV) remains an important cause of pneumonitis in infants and in the elderly and immunosuppressed. Passive immunoprophylaxis of high-risk infants with the humanised monoclonal antibody palivizumab reduces RSV-related hospitalisation and admission to intensive care units by about 50%, although optimal and cost-effective use of this agent remains undefined. The development of an RSV vaccine is the focus of much research and recent advances with live attenuated vaccines are promising--several agents are in clinical trials. The value of the only therapeutic agent available to treat established infection, the antiviral ribavirin, is now seriously doubted and the agent is little used. New RSV chemotherapeutics are just entering clinical trials."
57,https://pubmed.ncbi.nlm.nih.gov/19020199/,"<strong class=""sub-title"">Purpose:</strong>The role pharmacists play in managing respiratory syncytial virus (RSV) is discussed.</p><p><strong class=""sub-title"">Summary:</strong>RSV can be a life-threatening disease in certain high-risk populations. Pharmacists can play an important role in partnering with other health care providers to reduce RSV-associated morbidity and mortality by identifying children who are at high risk for the disease, determining the most appropriate therapy for managing RSV, and identifying those who are candidates for immunoprophylaxis.</p><p><strong class=""sub-title"">Conclusion:</strong>Pharmacists need to be involved in the selection, initiation, modification, and monitoring of a patient's RSV drug therapy and should also help implement institutional protocols for the management and prevention of RSV."
58,https://pubmed.ncbi.nlm.nih.gov/17502673/,"The respiratory syncytial virus (RSV) fusion (F) protein is synthesized as an inactive precursor (F0), which subsequently undergoes post-translational cleavage to give the disulphide bond-linked F1 and F2 subunits. The methodology detailing the use of two-dimensional electrophoresis, endoglycosidases, and alpha-mannosidase inhibitors, as applied to investigating F protein glycan maturation, is given. Examples are used to show how this methodology was used to provide evidence for glycan heterogeneity within the mature F protein."
59,https://pubmed.ncbi.nlm.nih.gov/24368838/,
60,https://pubmed.ncbi.nlm.nih.gov/15254023/,"The respiratory syncytial virus (RSV) fusion glycoprotein (F) can interact with the small intracellular GTPase RhoA, and peptides derived from RhoA inhibit RSV replication. These observations initially suggested that RhoA-derived peptides might inhibit RSV replication by disrupting an in vivo interaction between RSV F and RhoA. However, recent data indicate that the antiviral activity of RhoA-derived peptides is not due to competitive inhibition of an hypothesized F-RhoA interaction, but is rather a function of the peptides' intrinsic biophysical properties. We summarize here what is known about the mechanism of RSV inhibition by these peptides and give our opinion regarding the potential implications of this work with regards to RSV biology, and to the development of antiviral agents targeting RSV and other enveloped viruses."
61,https://pubmed.ncbi.nlm.nih.gov/22358363/,"The aims of this study were to determine the presence of respiratory syncytial virus (RSV) and to assess the clinical features of the disease in infants with acute low respiratory tract infection hospitalized at pediatric intensive care units (PICU) of two university teaching hospitals in São Paulo State, Brazil. Nasopharyngeal secretions were tested for the RSV by the polymerase chain reaction. Positive and negative groups for the virus were compared in terms of evolution under intensive care (mechanical pulmonary ventilation, medications, invasive procedures, complications and case fatality). Statistical analysis was performed using the Mann Whitney and Fisher's exact tests. A total of 21 infants were assessed, 8 (38.1%) of whom were positive for RSV. The majority of patients were previously healthy while 85.7% required mechanical pulmonary ventilation, 20/21 patients presented with at least one complication, and the fatality rate was 14.3%. RSV positive and negative groups did not differ for the variables studied. Patients involved in this study were critically ill and needed multiple PICU resources, independently of the presence of RSV. Further studies involving larger cohorts are needed to assess the magnitude of the impact of RSV on the clinical evolution of infants admitted to the PICU in our settings."
62,https://pubmed.ncbi.nlm.nih.gov/3914773/,
63,https://pubmed.ncbi.nlm.nih.gov/34960794/,"We performed evolution, phylodynamics, and reinfection-related antigenicity analyses of respiratory syncytial virus subgroup A (RSV-A) fusion (F) gene in globally collected strains (1465 strains) using authentic bioinformatics methods. The time-scaled evolutionary tree using the Bayesian Markov chain Monte Carlo method estimated that a common ancestor of the RSV-A, RSV-B, and bovine-RSV diverged at around 450 years ago, and RSV-A and RSV-B diverged around 250 years ago. Finally, the RSV-A F gene formed eight genotypes (GA1-GA7 and NA1) over the last 80 years. Phylodynamics of RSV-A F gene, including all genotype strains, increased twice in the 1990s and 2010s, while patterns of each RSV-A genotype were different. Phylogenetic distance analysis suggested that the genetic distances of the strains were relatively short (less than 0.05). No positive selection sites were estimated, while many negative selection sites were found. Moreover, the F protein 3D structure mapping and conformational epitope analysis implied that the conformational epitopes did not correspond to the neutralizing antibody binding sites of the F protein. These results suggested that the RSV-A F gene is relatively conserved, and mismatches between conformational epitopes and neutralizing antibody binding sites of the F protein are responsible for the virus reinfection."
64,https://pubmed.ncbi.nlm.nih.gov/20942089/,
65,https://pubmed.ncbi.nlm.nih.gov/26738297/,"The respiratory syncytial virus (RSV) is one of the most common causes of acute infection of the lower respiratory tract among children. For viruses in the Paramyxoviridae subfamily, membrane fusion requires a specific interaction between two glycoproteins: the fusion protein and attachment protein. Membrane fusion of the RSV appears to be unique among paramyxoviruses in that fusion is accomplished by the fusion protein alone without help from the attachment protein. Here, we review recent achievements and advances in the study of membrane fusion triggered by the RSV published in high-impact-factor journals. We also review and make a comparative analysis of the popular hypotheses regarding membrane fusion of the RSV. Finally, we discuss the ""hot topics"" in current research and controversial data published in recent years in the hope of providing references for Chinese researchers."
66,https://pubmed.ncbi.nlm.nih.gov/25673702/,"Respiratory syncytial virus (RSV) infects epithelial cells of the respiratory tract and is a major cause of bronchiolitis and pneumonia in children and the elderly. The virus assembles and buds through the plasma membrane, forming elongated membrane filaments, but details of how this happens remain obscure. Oligomerization of the matrix protein (M) is a key step in the process of assembly and infectious virus production. In addition, it was suggested to affect the conformation of the fusion protein, the major current target for RSV antivirals, in the mature virus. The structure and assembly of M are thus key parameters in the RSV antiviral development strategy. The structure of RSV M was previously published as a monomer. Other paramyxovirus M proteins have been shown to dimerize, and biochemical data suggest that RSV M also dimerizes. Here, using size exclusion chromatography-multiangle laser light scattering, we show that the protein is dimeric in solution. We also crystallized M in two crystal forms and show that it assembles into equivalent dimers in both lattices. Dimerization interface mutations destabilize the M dimer in vitro. To assess the biological relevance of dimerization, we used confocal imaging to show that dimerization interface mutants of M fail to assemble into viral filaments on the plasma membrane. Additionally, budding and release of virus-like particles are prevented in M mutants that fail to form filaments. Importantly, we show that M is biologically active as a dimer and that the switch from M dimers to higher-order oligomers triggers viral filament assembly and virus production.</p><p><strong class=""sub-title"">Importance:</strong>Human respiratory syncytial virus (RSV) is the most frequent cause of infantile bronchiolitis and pneumonia. The enormous burden of RSV makes it a major unmet target for a vaccine and antiviral drug therapy. Oligomerization of the matrix protein is a key step in the process of assembly and production of infectious virus, but the molecular mechanism of RSV assembly is still poorly understood. Here we show that the RSV matrix protein forms dimers in solution and in crystals; the dimer is essential for formation of higher-order oligomers. Destabilizing the dimer interface resulted in the loss of RSV filament formation and a lack of budding of virus-like particles. Importantly, our findings can potentially lead to new structure-based RSV inhibitors targeting the assembly process."
67,https://pubmed.ncbi.nlm.nih.gov/16111275/,
68,https://pubmed.ncbi.nlm.nih.gov/11062135/,
69,https://pubmed.ncbi.nlm.nih.gov/2021312/,"Following the introduction of effective antiviral chemotherapy, rapid antigen assays have been utilized increasingly, instead of cell cultures, for detection of the respiratory syncytial virus from lower respiratory tract specimens. Because antigen assays, unlike cell culture, cannot amplify low levels of the virus to a detectable level, assay sensitivity is especially dependent on high-quality specimens. In addition, the assays are unable to detect other viruses or bacteria with which the patient may be infected. This review summarizes results from clinical studies of the performance of cell cultures and the more commonly used antigen assays, describes factors that may lead to false-positive or false-negative test results, and makes recommendations for the selection of procedures for the reliable detection of microbial pathogens from patients suspected of being infected with respiratory syncytial virus."
70,https://pubmed.ncbi.nlm.nih.gov/31714201/,"Respiratory syncytial virus (RSV) and <i>Streptococcus pneumoniae</i> are frequently co-associated during acute respiratory infections, particularly amongst infants and young children. In this study, we aimed to identify strains of RSV and serotypes/sequence types of <i>S. pneumoniae</i> associated with co-infections within a cohort of paediatric patients, and to assess RSV-mediated adhesion of pneumococcal isolates. The RSV glycoprotein sequence was determined for 58 RSV-positive samples and molecular serotyping and MLST was used to analyse 26 pneumococcal isolates. We also compared 23 pneumococcal isolates for their adherence to RSV-infected or mock-infected airway epithelia cells using immunofluorescence microscopy and automated particle counting. The tight association between RSV and <i>S. pneumoniae</i> was also visualized using scanning electron microscopy. This study did not identify any statistically significant trend in the strains of RSV and <i>S. pneumoniae</i> associated with co-infections. Furthermore, almost all isolates (22 of 23) showed significantly increased adherence to RSV-infected cells. The level of adherence did not appear to correlate with pneumococcal strain or sequence type, and isolates obtained from RSV-infected patients displayed a similar level of adherence as those from RSV-negative patients. The absence of particular <i>S. pneumoniae</i> or RSV strains associated with co-infection, together with the near ubiquitous presence of RSV-mediated adhesion throughout the pneumococcal clinical isolates, may indicate that the mechanisms governing the association with RSV are of sufficient importance to be maintained across much of the species."
71,https://pubmed.ncbi.nlm.nih.gov/26893211/,
72,https://pubmed.ncbi.nlm.nih.gov/22079427/,"The respiratory syncytial virus (RSV) is known as a major cause of respiratory infections and nosocomial diseases. Testing this virus is rather difficult due to the problems encountered in producing it at a high titer without using any purification method. A RSV isolate which replicates to high level on a Hep-2 cell line with an infectious titer of at least 10(7)TCID(50)mL(-1) in culture supernatant fluids has been identified. Thanks to this isolate, the virucidal effects of two products, a hand rub solution and a surface disinfectant, were conveniently tested according to the EN 14476:2007-02 procedure."
73,https://pubmed.ncbi.nlm.nih.gov/19840769/,"This study aimed to investigate the occurrence of respiratory syncytial virus (RSV) infections in camels in Sudan. A total of 272 camel lung specimens showing pneumonia were collected from slaughter houses at four different areas in Sudan, additionally 8 specimens were collected from outbreaks of respiratory infection in camels. Using sandwich ELISA kits for RSV antigen detection 4 out of 280 tested lungs (1.4%) were positive, all were from Central Sudan (Tambool slaughter house). FAT was used to confirm the ELISA positives. Polymerase chain reaction RT/PCR was applied for the detection of RSV genome in camel lungs; 1 out of 4 ELISA positives was positive by RT/PCR. Using indirect ELISA kits 135 out of 495 (27.3%) camel sera showed antibodies to RSV, highest prevalence was observed in Western (33.5%) then Central (31.6%) and Eastern Sudan (23.5%). Based on the manufacturer specified calculations for OD readings, most of positive sera (90/135) were low reactive (1+). This is the first report for the detection of RSV antigen, genome and antibody in camels in Sudan."
74,https://pubmed.ncbi.nlm.nih.gov/25961744/,"Respiratory syncytial virus (RSV) is responsible for majority of infant hospitalizations due to viral infections. Despite its clinical importance, no vaccine against RSV or effective antiviral therapy is available. Several structural classes of small-molecule RSV entry inhibitor have been described and one compound has advanced to clinical testing. Mutations in either one of two resistance hot spots in the F protein mediate unusual pan-resistance to all of these inhibitor classes. Based on the biochemical characterization of resistant viruses and structural insight into the RSV F trimer, we propose a kinetic escape model as the origin of pan-resistance. Since a resistant RSV remained pathogenic in the mouse model, pan-resistance mutations could emerge rapidly in circulating RSV strains. We evaluate clinical implications and discuss consequences for the design of future RSV drug discovery campaigns. "
75,https://pubmed.ncbi.nlm.nih.gov/29029125/,
76,https://pubmed.ncbi.nlm.nih.gov/3305568/,"Respiratory syncytial virus strains from 13 children who had repeat infections at least 1 year apart were identified as either subgroup A or subgroup B according to reaction patterns with several monoclonal antibodies directed against the large surface glycoprotein (G), fusion protein (F), nucleoprotein (NP), and matrix protein (M). The virus strains were characterized by enzyme immunoassay, polyacrylamide gel electrophoresis, and immunofluorescence procedures. During the first infection, 10 children had subgroup A strains and 3 had subgroup B strains. Of the 10 children with subgroup A strains during their first infection, 6 had subgroup B and 4 had subgroup A strains during the second infection. Of the three children with subgroup B strains during their first infection, one had subgroup A and two had subgroup B strains during their second infection. No child experienced unusually severe respiratory tract illnesses during second infections with respiratory syncytial virus. Fourfold or greater rises in serum antibody as determined by enzyme immunoassay were as common after the first infection as after the second infection among the seven children tested. Thus, second infections with strains of either subgroup of respiratory syncytial virus did not potentiate respiratory illness, and infection with subgroup A strains of respiratory syncytial virus provided some protection from a second infection with the homologous, but not the heterologous, subgroup of the virus."
77,https://pubmed.ncbi.nlm.nih.gov/28103684/,"Human respiratory syncytial virus (RSV) is a negative-sense RNA virus and a significant cause of respiratory infection in infants and the elderly. No effective vaccines or antiviral therapies are available for the treatment of RSV. ALS-8176 is a first-in-class nucleoside prodrug inhibitor of RSV replication currently under clinical evaluation. ALS-8112, the parent molecule of ALS-8176, undergoes intracellular phosphorylation, yielding the active 5'-triphosphate metabolite. The host kinases responsible for this conversion are not known. Therefore, elucidation of the ALS-8112 activation pathway is key to further understanding its conversion mechanism, particularly given its potent antiviral effects. Here, we have identified the activation pathway of ALS-8112 and show it is unlike other antiviral cytidine analogs. The first step, driven by deoxycytidine kinase (dCK), is highly efficient, while the second step limits the formation of the active 5'-triphosphate species. ALS-8112 is a 2'- and 4'-modified nucleoside analog, prompting us to investigate dCK recognition of other 2'- and 4'-modified nucleosides. Our biochemical approach along with computational modeling contributes to an enhanced structure-activity profile for dCK. These results highlight an exciting potential to optimize nucleoside analogs based on the second activation step and increased attention toward nucleoside diphosphate and triphosphate prodrugs in drug discovery."
78,https://pubmed.ncbi.nlm.nih.gov/28576489/,"Respiratory syncytial virus (RSV) is a major cause of respiratory infections in infants and the elderly, leading to more deaths than influenza each year, but there is no antiviral or efficacious vaccine currently available. Here we examine the role in infection of the host mitochondrial protein p32 (HABP/gC1qR/C1qbp) for the first time. RSV replication as well as infectious virus production was significantly reduced by p32 siRNA knockdown, consistent with an important role for p32 in RSV infection. p32 showed distinct mitochondrial localization throughout RSV infection, but immunostaining and high resolution confocal imaging for p32 as well as MitoTracker Red and cytochrome c, revealed clear changes in mitochondrial organization in RSV infection, with perinuclear mitochondrial compaction and asymmetric distribution at 8 and 18 h post-infection, respectively. The results implicate p32 as a key host factor for RSV virus production, and bring to light the potential importance of mitochondria in RSV infection."
79,https://pubmed.ncbi.nlm.nih.gov/32295918/,"Respiratory syncytial virus (RSV) is a major cause of pediatric respiratory disease. Large numbers of neutrophils are recruited into the airways of children with severe RSV disease. It is not clear whether or how neutrophils enhance recovery from disease or contribute to its pathology. Using an <i>in vitro</i> model of the differentiated airway epithelium, we found that the addition of physiological concentrations of neutrophils to RSV-infected nasal cultures was associated with greater epithelial damage with lower ciliary activity, cilium loss, less tight junction expression (ZO-1), and more detachment of epithelial cells than is seen with RSV infection alone. This was also associated with a decrease in infectious virus and fewer RSV-positive cells in cultures after neutrophil exposure than in preexposure cultures. Epithelial damage in response to RSV infection was associated with neutrophil activation (within 1 h) and neutrophil degranulation, with significantly greater cellular expression of CD11b and myeloperoxidase and higher levels of neutrophil elastase and myeloperoxidase activity in apical surface media than in media with mock-infected airway epithelial cells (AECs). We also recovered more apoptotic neutrophils from RSV-infected cultures (&gt;40%) than from mock-infected cultures (&lt;5%) after 4 h. The results of this study could provide important insights into the role of neutrophils in host response in the airway.<b>IMPORTANCE</b> This study shows that the RSV-infected human airway drives changes in the behavior of human neutrophils, including increasing activation markers and delaying apoptosis, that result in greater airway damage and viral clearance."
80,https://pubmed.ncbi.nlm.nih.gov/15044217/,
81,https://pubmed.ncbi.nlm.nih.gov/2911122/,"We have characterized the proteins and mRNAs of bovine respiratory syncytial (BRS) virus strain 391-2 and constructed cDNA clones corresponding to 9 of the 10 BRS virus mRNAs. The proteins of BRS virus-infected cells were compared with the proteins from human respiratory syncytial (HRS) virus-infected cells. Nine proteins specific to BRS virus-infected cells, corresponding to nine HRS virus proteins, were identified. Only a BRS virus polymerase protein remains to be identified. The BRS virus G glycoprotein showed major antigenic differences from the HRS virus G glycoprotein by immunoprecipitation and Western (immuno-) blot analysis, whereas the BRS virus F, N, M, and P proteins showed antigenic cross-reactivity with their HRS virus counterparts. Analysis of RNAs from BRS virus-infected cells showed virus-specific RNAs which had electrophoretic mobilities similar to those of mRNAs of HRS virus but which hybridized poorly or not at all with HRS virus-specific probes in Northern (RNA) blot analysis. To analyze the BRS virus RNAs further, cDNA clones to the BRS virus mRNAs were generated. Nine separate groups of clones were identified and shown to correspond to nine BRS virus mRNAs by Northern blot analysis. A 10th BRS virus large mRNA was identified by analogy with the HRS virus polymerase mRNA. These data show that like HRS virus, BRS virus has 10 genes coding for 10 mRNAs."
82,https://pubmed.ncbi.nlm.nih.gov/19295459/,
83,https://pubmed.ncbi.nlm.nih.gov/29445124/,"Human respiratory syncytial virus (HRSV) is a leading cause of severe acute lower respiratory tract infection in infants and children worldwide. Bovine RSV (BRSV) is closely related to HRSV and a significant cause of morbidity in young cattle. BRSV infection in calves displays many similarities to RSV infection in humans, including similar age dependency and disease pathogenesis. Polyanhydride nanoparticle-based vaccines (i.e., nanovaccines) have shown promise as adjuvants and vaccine delivery vehicles due to their ability to promote enhanced immunogenicity through the route of administration, provide sustained antigen exposure, and induce both antibody- and cell-mediated immunity. Here, we developed a novel, mucosal nanovaccine that encapsulates the post-fusion F and G glycoproteins from BRSV into polyanhydride nanoparticles and determined the efficacy of the vaccine against RSV infection using a neonatal calf model. Calves receiving the BRSV-F/G nanovaccine exhibited reduced pathology in the lungs, reduced viral burden, and decreased virus shedding compared to unvaccinated control calves, which correlated with BRSV-specific immune responses in the respiratory tract and peripheral blood. Our results indicate that the BRSV-F/G nanovaccine is highly immunogenic and, with optimization, has the potential to significantly reduce the disease burden associated with RSV infection in both humans and animals."
84,https://pubmed.ncbi.nlm.nih.gov/10959757/,
85,https://pubmed.ncbi.nlm.nih.gov/26821370/,"Human respiratory syncytial virus (RSV) infections are little known in Burkina Faso. The objective of our work is to study the epidemiological and clinical aspects of RSV infections in infants in the Pediatric Teaching Hospital Charles de Gaulle of Ouagadougou. Between July 1(st) 2010 and June 30(th) 2011, we analyzed by direct immunofluorescence and PCR nasopharyngeal swabs from children from 0 to 36 months old. All in all, 210 patients among whom 74 from the external consultation (35.2%) and 136 hospitalized (64.7%) benefited from a nasopharyngeal aspiration. The motives for consultation were cough (91.7%), rhinitis (79.2%), fever (79.2%) and respiratory distress syndrome (66.7%). The evoked diagnoses were predominantly the acute bronchiolitis in 14 cases (58.3%) followed by the acute pulmonary disease in 7 patients (26.2%) then flue in 1 patient (16.7%). We detected by direct immunofluorescence the antigens of the respiratory viruses in 21 nasopharyngeal aspirations with 10 cases of respiratory syncytial virus (RSV) infections (47.6%). The PCR realized on 208 samples allowed to identify 153 positive samples (73.2%) with 24 RSV, i.e. a global prevalence of 16.1% with a peak of 18 cases (75%). In October, all the patients benefited from an often multiple antibiotic treatment of at least 10 days which was not still necessary. The evolution was favorable for all patients. This study confirms the important place of the viruses which are detected in 70% of the cases. The PCR multiplex, certainly expensive but effective and successful, deserves to be used in our developing countries to avoid the irrational prescription of antibiotic. "
86,https://pubmed.ncbi.nlm.nih.gov/354444/,"The pathogenesis of human respiratory syncytial virus infection was studied in ferret and fetal human tracheas in organ culture. Although the patterns of virus growth were similar in these species, the sites and morphologic consequences of virus replication differed markedly. In human trachea, synthesis of respiratory syncytial virus occurred in a population of ciliated epithelial cells, whereas other cells in the epithelial layer were spared. Virus replication was associated with cell injury characterized by ballooning degeneration and syncytium formation. In ferret trachea, virus growth occurred in fibroblasts of the lamina propria and serosa. Ciliated epithelial cells did not contain viral antigen and remained histologically normal. These observations are relevant to understanding the pathogenesis of human disease and the evaluation of animal models of respiratory syncytial virus bronchiolitis."
87,https://pubmed.ncbi.nlm.nih.gov/7620276/,"The occurrence of respiratory syncytial virus (RSV) subtypes in Mexico City was studied by searching for the virus in nasopharyngeal aspirates of 82 infants, less than 12 months of age, hospitalized for acute lower respiratory tract disease with diagnosis of bronchitis, bronchiolitis, pneumonia and laryngotracheobronchitis. The presence of respiratory virus was determined by observation of cytopathic effect in cell monolayers; samples which produced a clear syncytia were considered positive and were treated with anti-respiratory syncytial virus serum. Viral infectivity was neutralized in 21 samples which were regarded as having RSV. These specimens were characterized into subtypes A and B with specific monoclonals by indirect immunofluorescence. Subtype A predominated over subtype B, 19 vs. 2. Patients with pneumonia and laryngotracheobronchitis had subtype A and both subtypes were found in infants with bronchitis and bronchiolitis."
88,https://pubmed.ncbi.nlm.nih.gov/21742845/,"<strong class=""sub-title"">Background:</strong>Neutrophils are the predominant cell in the lung inflammatory infiltrate of infants with respiratory syncytial virus (RSV) bronchiolitis. Although it has previously been shown that neutrophils from both blood and bronchoalveolar lavage (BAL) are activated, little is understood about their role in response to RSV infection. This study investigated whether RSV proteins and mRNA are present in neutrophils from blood and BAL of infected infants.</p><p><strong class=""sub-title"">Methods:</strong>We obtained blood and BAL samples from 20 infants with severe RSV bronchiolitis and 8 healthy control infants. Neutrophil RSV F, G, and N proteins, RSV N genomic RNA, and messenger RNA (mRNA) were quantified.</p><p><strong class=""sub-title"">Results:</strong>RSV proteins were found in BAL and blood neutrophils in infants with RSV disease but not in neutrophils from healthy infants. BAL and blood neutrophils from infants with RSV disease, but not those from healthy infants, expressed RSV N genomic RNA, indicating uptake of whole virus; 17 of 20 BAL and 8 of 9 blood neutrophils from patients expressed RSV N mRNA.</p><p><strong class=""sub-title"">Conclusions:</strong>This work shows, for the first time, the presence of RSV proteins and mRNA transcripts within BAL and blood neutrophils from infants with severe RSV bronchiolitis."
89,https://pubmed.ncbi.nlm.nih.gov/26608824/,"<strong class=""sub-title"">Background:</strong>Despite the research importance of rhinovirus detection in asymptomatic healthy infants, the literature remains sparse.</p><p><strong class=""sub-title"">Objective:</strong>To investigate the prevalence of respiratory syncytial virus (RSV) and rhinovirus (and its species).</p><p><strong class=""sub-title"">Methods:</strong>We conducted a cross-sectional study of 110 healthy, non-hospitalized infants without acute illness at an academic medical center from November 2013 through May 2014. We tested nasal swab specimens by using polymerase chain reaction and genetic sequencing.</p><p><strong class=""sub-title"">Results:</strong>Overall, the median age was 3.8 months (IQR 2.0-5.1 months), 56 % were male, and 90% were born &gt;37 weeks. RSV was detected in nasal swabs from infants (1.8%). By contrast, rhinovirus was detected in nasal swabs from 16 infants (14.5%). Molecular typing assay revealed rhinovirus species: six rhinovirus-A (5.5%), one rhinovirus-B (0.9%), eight rhinovirus-C (7.3%), and one untypeable (0.9%).</p><p><strong class=""sub-title"">Conclusions:</strong>In this cross-sectional study of healthy, community-based infants, RSV was rare (&lt;2%) in nasal swabs, while rhinovirus was detected in 14.5% with a predominance of rhinovirus-A and -C. These finding are important for understanding the clinical significance of rhinovirus detection among infants hospitalized for bronchiolitis."
90,https://pubmed.ncbi.nlm.nih.gov/8437227/,"Human respiratory syncytial virus (HRSV) is the most frequent cause of severe respiratory infections in infancy. No vaccine against this virus has yet been protective, and antiviral drugs have been of limited utility. Using the cotton rat model of HRSV infection, we examined bovine respiratory syncytial virus (BRSV), a cause of acute respiratory disease in young cattle, as a possible vaccine candidate to protect children against HRSV infection. Cotton rats were primed intranasally with graded doses of BRSV/375 or HRSV/Long or were left unprimed. Three weeks later, they were challenged intranasally with either BRSV/375, HRSV/Long (subgroup A), or HRSV/18537 (subgroup B). At intervals postchallenge, animals were sacrificed for virus titration and histologic evaluation. Serum neutralizing antibody titers were determined at the time of viral challenge. BRSV/375 replicated to low titers in nasal tissues and lungs. Priming with 10(5) PFU of BRSV/375 effected a 500- to 1,000-fold reduction in peak nasal HRSV titer and a greater than 1,000-fold reduction in peak pulmonary HRSV titer upon challenge with HRSV/Long or HRSV/18537. In contrast to priming with HRSV, priming with BRSV did not induce substantial levels of neutralizing antibody against HRSV and was associated with a delayed onset of clearance of HRSV upon challenge. Priming with BRSV/375 caused mild nasal and pulmonary pathology and did not cause exacerbation of disease upon challenge with HRSV/Long. Our findings suggest that BRSV may be a potential vaccine against HRSV and a useful tool for studying the mechanisms of immunity to HRSV."
91,https://pubmed.ncbi.nlm.nih.gov/17596309/,"Respiratory syncytial virus (RSV) is a major cause of bronchiolitis and viral pneumonia in young children and a serious health risk in immunocompromised individuals and the elderly. Immunity to RSV is not completely understood. In this work, we established a method for monitoring RSV infection by real-time PCR and applied this method for analysis of RSV replication in vivo in the cotton rat model in naïve animals and in animals rendered immune to RSV by prior RSV infection. We found that even though no virus could be isolated from the lungs of RSV-challenged immune animals, RSV infection in fact took place and an accumulation of viral RNA transcripts was observed. This type of replication, therefore, can be termed ""abortive,"" as RSV is capable of entering the cells in the lungs of immune animals, yet the production of progeny viruses is impaired. Similar patterns of RSV gene expression gradient were observed between naïve and reinfected animals, indicating that the skewing of mRNA gradient of viral gene expression, a mechanism documented during latent infection by other viruses, is not likely to be responsible for abortive replication of RSV during reinfection. We found that passive administration of antibodies to RSV prevents productive infection normally accompanied by viral release in the lung, but it does not prevent abortive replication of the virus. To the best of our knowledge, this is the first evidence of abortive replication of RSV in vivo."
92,https://pubmed.ncbi.nlm.nih.gov/21829605/,"Human respiratory syncytial virus (HRSV) is a major cause of viral lower respiratory tract infections among infants and young children. HRSV strains vary genetically and antigenically and have been classified into two broad subgroups, A and B (HRSV-A and HRSV-B, respectively). To date, little is known about the circulating strains of HRSV in Latin America. We have evaluated the genetic diversity of 96 HRSV strains by sequencing a variable region of the G protein gene of isolates collected from 2007 to 2009 in Central and South America. Our results show the presence of the two antigenic subgroups of HRSV during this period with the majority belonging to the genotype HRSV-A2."
93,https://pubmed.ncbi.nlm.nih.gov/833931/,"Radiolabeled respiratory syncytial virus was purified from medium that had been harvested from infected HeLa cell monolayers before it contained much cellular debris. After isopycnic centrifugation in linear gradients prepared with sucrose dissolved in Hanks balanced salt solution, almost all the infectivity and most of the radioactivity were recovered in a single band with density from 1.16 to 1.23 g/cm3 and a peak at 1.2 g/cm3. Analysis by polyacrylamide gel electrophoresis resolved the purified virus into seven polypeptides of approximate molecular weights 20,000 to 80,000, of which the two largest and the smallest proved to by glycoproteins."
94,https://pubmed.ncbi.nlm.nih.gov/210254/,"Into 14 juvenile cebus monkeys that lacked serum antibodies for RS virus 10(8) plaque-forming units (pfu) of wild-type respiratory syncytial (RS) virus were inoculated transtracheally. Roentgenographic evidence of pneumonia developed in 13 of 14 infected animals. Gross pathologic changes occurred in each of the 13 monkeys that were sacrificed. Patchy areas of red consolidation were seen in the lower lobes 24 hours after inoculation, and there was progression to gray consolidation seven days later. Each of the infected animals had histologic evidence of interstitial pneumonia. Changes were detected in the lung as early as 24 hours after inoculation; they consisted primarily of infiltration of the alveolar wall. By the fourth to sixth day after inoculation there was marked interstitial thickening, pulmonary consolidation, formation of multinucleated giant cells and development of eosinophilic cytoplasmic inclusion bodies within alveolar cells. RS viral antigens, detected by indirect immunofluorescence, were distributed throughout cells of the alveolar wall and the bronchiolar epithelium. The virus grew to highest titer in the lungs on the fourth to sixth day after inoculation; up to 10(8) pfu/gram of tissue were detected. The cebus monkey represents the first experimental host to develop extensive pulmonary lesions during infection with respiratory syncytial virus."
95,https://pubmed.ncbi.nlm.nih.gov/14980651/,"Structure-activity relationships for a series of benzimidazol-2-one-based inhibitors of respiratory syncytial virus are described. These studies focused on structural variation of the benzimidazol-2-one substituent, a vector inaccessible in a series of benzotriazole derivatives on which 2 is based, and revealed a broad tolerance for substituent size and functionality."
96,https://pubmed.ncbi.nlm.nih.gov/28303835/,"Respiratory syncytial virus (RSV) causes high mortality and morbidity in infants. The study was planned to determine the trends of RSV sub-types in hospitalised children. Nasopharyngeal aspirate and throat swabs were collected from the hospitalised children up to 5 years of age. Viral nucleic acid was extracted using easyMAG automated extraction system, and real-time reverse transcription polymerase chain reaction was performed. Total positivity for RSV was found to be 25.40%, predominantly for RSV B (20.03%), followed by RSV A (2.90%) and RSV AB mixed infections (2.47%). Palivizumab prophylaxis can be planned to be given to infants from post-monsoon to end of winter."
97,https://pubmed.ncbi.nlm.nih.gov/29979541/,"Respiratory syncytial virus(RSV)is a leading cause of lower respiratory tract disease. The major high risk population for RSV infection are&lt;6month infants and elders with age older than 65 years. At present, BALB/c mice were wildly used as animal model for RSV infection, however there has no report about the comparison of different week-ages BALB/c mice after RSV infection. A different week-ages BALB/c mice model was described in this study to compare their susceptibility after RSV infection. Young(10weeks),middle aged(30weeks)and aged(60weeks)mice were intranasally infected with 106 or 107plaque-forming units (PFU) RSV, then clinical symptom, weight, RSV titer in nose/lung, histology and immunohistochemistry was examined. And age-related susceptibility was analyzed. A high-titer virus(107PFU)infection showed significant weight loss at 6-11 day post infection while 106 PFU didn’t lead to obvious weight change. In 10(7) PFU infected group, replication of virus in nose and lung was detected, the virus in lung located around pulmonary alveoli, and the hematoxylin eosin stain showed significant infiltration of inflammatory cells and pathological tissue damage. Mice trended to be more susceptible to RSV infection as the growth of age. Older mice experience more weight loss. Lung histology of older mice showed more serious bronchiolitis and increased number of inflammatory cells in alveolar spaced, and 60week-old mice tended to be the most significant. In this study, we have successfully established a different week-ages BALB/c mice model, which will serve as the basis for investigating antibody or vaccine and further infection mechanism research of RSV."
98,https://pubmed.ncbi.nlm.nih.gov/23994498/,"We have examined the role that hydroxymethylglutaryl coenzyme A reductase (HMGCR) plays during respiratory syncytial virus (RSV) maturation. Imaging analysis indicated that virus-induced changes in F-actin structure correlated with the formation of virus filaments, and that these virus filaments played a direct role in virus cell-to-cell transmission. Treatment with cytochalasin D (CYD) prevented virus filament formation and virus transmission, but this could be reversed by removal of CYD. This observation, together with the presence of F-actin within the virus filaments suggested that newly polymerised F-actin was required for virus transmission. The virus-induced change in F-actin was inhibited by the HMGCR inhibitor lovastatin, and this correlated with the inhibition of both virus filament formation and the incorporation of F-actin in these virus structures. Furthermore, this inhibitory effect on virus filament formation correlated with a significant reduction in RSV transmission. Collectively these data suggested that HMGCR-mediated changes in F-actin structure play an important role in the inter-cellular transmission of mature RSV particles. These data also highlighted the interplay between cellular metabolism and RSV transmission, and demonstrate that this interaction can be targeted using anti-virus strategies. "
99,https://pubmed.ncbi.nlm.nih.gov/7287181/,"To understand the transmission of respiratory syncytial virus, we examined the frequency of infection in volunteers after inoculation by different routes with varying doses of virus. Thirty-two adult volunteers received serial dilutions of a safety-tested live strain of respiratory syncytial virus instilled into nose, eye, or mouth. The highest inoculum, 5.2 log10 50% tissue culture infective dose (TCID50), was administered to four groups of four subjects each, by nose to one group, by eye to one group, and by mouth to two groups. Subsequently, 1:100 and 1:1,000 dilutions of this inoculum were administered by nose and eye. At the highest inoculum, infection occurred in three of four subjects inoculated by nose and in three of four subjects inoculated by eye. Infection occurred in one of eight subjects inoculated by mouth, but this subject most likely was infected by secondary spread. With an inoculum of 3.2 log10 TCID50, the proportion of subjects infected by either route diminished to 25%. When the inoculum was further reduced to 2.2 log10 TCID50, no infections occurred by either route. Infections after the highest inoculum were characterized by earlier and greater shedding. These findings suggest that respiratory syncytial virus may infect by eye or nose and that both of these routes appear equally sensitive. In comparison, the mouth appears to be an insensitive route of inoculation. This is of potential import in infection control procedures and in the development of vaccines or other prophylactic measures."
